condition,voltage,current,temperature
normal,13.03611096,458.4603702,6.879090425
normal,11.13550944,458.1567807,6.394904831
normal,10.29657849,459.4311506,2.736524761
normal,10.55306445,457.1410018,5.624982766
normal,9.880486757,460.6018989,1.843793068
failed,27.6147198,4610.433851,56.44086188
failed,28.45526513,4597.874476,55.23611298
failed,33.97788435,4591.018036,48.82400606
failed,24.81743358,4615.117584,46.89567381
failed,23.38060994,4592.524455,52.92017935